{
  "config": {
    "pilot_rank": 8,
    "alpha": 8,
    "modules": [
      "qkv",
      "proj_out"
    ],
    "params_per_rank": 1536,
    "rank8_params": 12288,
    "thresholds": [
      0.9,
      0.95,
      0.99
    ],
    "rule": "k_tau is the smallest shared rank whose cumulative squared-singular-value energy reaches tau across qkv and proj_out updates."
  },
  "sensors": {
    "DB1": {
      "checkpoint": "/home/nguyenthanhlam/checkpoints/fvc2004_db1a_stage2_unet_lora_r8_5k_20260615/step_0005000/unet_state.npz",
      "modules": {
        "qkv": {
          "top_singular_values": [
            13.400963980722052,
            1.4709157912402213,
            0.6481003647141412,
            0.5497901123486091,
            0.18022060616135693,
            0.129100752279957,
            0.07610912914036265,
            0.024006398678131403
          ],
          "energy": [
            179.58583561260983,
            2.163593264919846,
            0.4200340827426029,
            0.3022691676362962,
            0.032479466885166924,
            0.01666700423925082,
            0.005792599538504399,
            0.0005763071774933892
          ],
          "normalized_energy": [
            0.9838850805382001,
            0.011853535811696828,
            0.0023012130434354643,
            0.0016560221652757664,
            0.00017794311440621452,
            9.13124175541291e-05,
            3.173553328426733e-05,
            3.157376147225567e-06
          ],
          "cumulative_energy": [
            0.9838850805382001,
            0.995738616349897,
            0.9980398293933325,
            0.9996958515586082,
            0.9998737946730145,
            0.9999651070905686,
            0.9999968426238528,
            1.0
          ],
          "k90": 1,
          "k95": 1,
          "k99": 2,
          "effective_rank_entropy": 1.1006413967755533
        },
        "proj_out": {
          "top_singular_values": [
            3.1918886319475352,
            2.6220418008065254,
            1.6204462331154765,
            0.691922073296491,
            0.20519413744914533,
            0.06165269814760901,
            0.040950045123671557,
            0.009881933321159619
          ],
          "energy": [
            10.188153038755908,
            6.8751032051767265,
            2.625845994418137,
            0.4787561555149147,
            0.04210463404349875,
            0.0038010551888801912,
            0.0016769061956307366,
            9.765260616384478e-05
          ],
          "normalized_energy": [
            0.5039763332172298,
            0.3400900330662969,
            0.1298924575264921,
            0.023682582195589774,
            0.0020827856625215183,
            0.00018802641157440698,
            8.29513487290953e-05,
            4.830571566440704e-06
          ],
          "cumulative_energy": [
            0.5039763332172298,
            0.8440663662835267,
            0.9739588238100187,
            0.9976414060056086,
            0.9997241916681302,
            0.9999122180797047,
            0.9999951694284337,
            1.0000000000000002
          ],
          "k90": 3,
          "k95": 3,
          "k99": 4,
          "effective_rank_entropy": 2.9482507718372712
        }
      },
      "combined": {
        "cumulative_energy": [
          0.936033248123371,
          0.980615334824666,
          0.995638705742251,
          0.9994910022307801,
          0.9998588777164922,
          0.9999598335128341,
          0.99999667578908,
          1.0
        ],
        "k90": 1,
        "k95": 2,
        "k99": 3,
        "energy_at_k4": 0.9994910022307801,
        "energy_at_k6": 0.9999598335128341,
        "energy_at_k8": 1.0
      },
      "row": {
        "sensor": "DB1",
        "qkv_k95": 1,
        "proj_k95": 3,
        "combined_k90": 1,
        "combined_k95": 2,
        "combined_k99": 3,
        "energy_at_k4": 0.9994910022307801,
        "energy_at_k6": 0.9999598335128341,
        "params_k95": 3072,
        "params_k95_pct_rank8": 0.25
      }
    },
    "DB2": {
      "checkpoint": "/home/nguyenthanhlam/checkpoints/fvc2004_db2a_stage2_unet_lora_r8_5k_20260617/step_0005000/unet_state.npz",
      "modules": {
        "qkv": {
          "top_singular_values": [
            21.609132257626072,
            3.483351319268581,
            2.1274967189396636,
            1.4880991475979124,
            1.2252460263471356,
            1.0256980541888554,
            0.7452208795080865,
            0.5199282429966685
          ],
          "energy": [
            466.95459692757566,
            12.133736413450166,
            4.526242289099034,
            2.2144390730816337,
            1.5012278250794457,
            1.0520564983668041,
            0.5553541592548059,
            0.2703253778656028
          ],
          "normalized_energy": [
            0.9545114090298988,
            0.02480281791207216,
            0.009252184116839774,
            0.0045265800438963185,
            0.0030686903952114215,
            0.002150530131285784,
            0.001135210756139395,
            0.0005525776146563054
          ],
          "cumulative_energy": [
            0.9545114090298988,
            0.9793142269419709,
            0.9885664110588108,
            0.9930929911027071,
            0.9961616814979185,
            0.9983122116292044,
            0.9994474223853438,
            1.0000000000000002
          ],
          "k90": 1,
          "k95": 1,
          "k99": 4,
          "effective_rank_entropy": 1.2797922226958096
        },
        "proj_out": {
          "top_singular_values": [
            5.588472784774744,
            3.371440373376726,
            2.3629127156978944,
            1.3296689095607723,
            0.8669502446507279,
            0.6984707097774845,
            0.3637764476769361,
            0.1797410346627101
          ],
          "energy": [
            31.231028066167983,
            11.3666101912346,
            5.583356502006798,
            1.7680194090525334,
            0.751602726699957,
            0.487861332417063,
            0.13233330388445064,
            0.03230683954162156
          ],
          "normalized_energy": [
            0.6081622510348201,
            0.22134216093978068,
            0.10872478009357406,
            0.03442866694636391,
            0.014635970522178198,
            0.009500130622885778,
            0.0025769282972924316,
            0.0006291115431047054
          ],
          "cumulative_energy": [
            0.6081622510348201,
            0.8295044119746008,
            0.9382291920681749,
            0.9726578590145388,
            0.9872938295367171,
            0.9967939601596028,
            0.9993708884568953,
            0.9999999999999999
          ],
          "k90": 3,
          "k95": 4,
          "k99": 6,
          "effective_rank_entropy": 3.063451536267544
        }
      },
      "combined": {
        "cumulative_energy": [
          0.9216083580906537,
          0.9650823460227157,
          0.9837843925599745,
          0.9911516605796608,
          0.9953192386102553,
          0.9981679782615471,
          0.9994401516884525,
          1.0
        ],
        "k90": 1,
        "k95": 2,
        "k99": 4,
        "energy_at_k4": 0.9911516605796608,
        "energy_at_k6": 0.9981679782615471,
        "energy_at_k8": 1.0
      },
      "row": {
        "sensor": "DB2",
        "qkv_k95": 1,
        "proj_k95": 4,
        "combined_k90": 1,
        "combined_k95": 2,
        "combined_k99": 4,
        "energy_at_k4": 0.9911516605796608,
        "energy_at_k6": 0.9981679782615471,
        "params_k95": 3072,
        "params_k95_pct_rank8": 0.25
      }
    },
    "DB3": {
      "checkpoint": "/home/nguyenthanhlam/checkpoints/fvc2004_db3a_stage2_unet_lora_r8_5k_20260617/step_0005000/unet_state.npz",